resource_level,meta_time,training_time,total_time,final_test_acc,best_num_channels,best_dropout_rate,best_learning_rate,best_weight_decay,best_optimizer,best_momentum,best_epoch,num_perturbations,num_subsets
0.1,16.095283505459726,8.659084914824717,24.754368420284443,71.39839581466961,22,0.4,0.001,0.001,sgd,0.9,34,10,6
0.2,36.2831401605397,70.04767973042664,106.33081989096634,72.02244688237428,28,0.3,0.001,0.001,adam,0.0,38,10,6
0.3,34.455885854214266,142.22062483876013,176.6765106929744,80.36864526892069,35,0.2,0.0005,0.0005,adam,0.0,42,10,6
0.4,35.76167682942628,238.5783684126221,274.3400452420484,86.22688760933562,41,0.1,0.0005,0.0005,adam,0.0,46,10,6
