resource_level,meta_time,training_time,total_time,final_test_acc,best_num_channels,best_dropout_rate,best_learning_rate,best_weight_decay,best_optimizer,best_momentum,best_epoch,num_perturbations,num_subsets
0.1,10.345068127993835,1.3063722675649743,11.65144039555881,67.97226944477741,41,0.5,0.001,0.002,adam,0.0,34,10,6
0.2,21.177248361796416,70.65012634311955,91.82737470491597,75.45069711202827,51,0.39999999999999997,0.001,0.001,adam,0.0,38,10,6
0.3,50.97174970286481,175.70910644136023,226.68085614422506,79.98645501821278,60,0.3,0.001,0.001,adam,0.0,42,10,6
0.4,44.57291984647902,241.4543867254502,286.0273065719292,86.74327557624383,70,0.19999999999999996,0.0005,0.001,adam,0.0,46,10,6
