{
  "train_loss": [
    1.5661226960754395,
    1.1951562911605835,
    1.0188690610122682,
    0.9083641353225708,
    0.8305327438735962,
    0.776406430015564,
    0.7283978779983521,
    0.6994306259536743,
    0.6682606554794311,
    0.6435391178703308,
    0.6176607266044617,
    0.602584009399414,
    0.5853390952682496,
    0.5692288124084472,
    0.5539095830154419,
    0.5449057077026367,
    0.5291608325004578,
    0.5086388265132904,
    0.5070066178894043,
    0.49835900226593016,
    0.48388220620155337,
    0.4728199494743347,
    0.4636210165786743,
    0.46201004220962527,
    0.45127346868515017,
    0.4434094981479645,
    0.4407520313262939,
    0.43515133485794066,
    0.42482012685775755,
    0.42520201066970825,
    0.4137833518600464,
    0.4169857233905792,
    0.40433718841552735,
    0.39950085037708283,
    0.39809119099617,
    0.39154173528671266,
    0.38966381918907167,
    0.3832231808757782,
    0.3798316927623749,
    0.37951853788375856,
    0.38118488302230835,
    0.37617001861572263,
    0.3684253552627563,
    0.3689794738197327,
    0.36772324118614197,
    0.35685963167190554,
    0.356484907207489,
    0.3584377449226379,
    0.34954218334198,
    0.34964229962348936,
    0.3505464988040924,
    0.350030616235733,
    0.3416413690471649,
    0.3417846487236023,
    0.334792496471405,
    0.33991902817726133,
    0.33500058641433716,
    0.33791004391670226,
    0.32995557411670684,
    0.32856196190357206,
    0.33461752814292905,
    0.32693033242225644,
    0.32604545301437377,
    0.32713488515853884,
    0.32397057284355163,
    0.3232117718887329,
    0.32500111877441407,
    0.3196710544776917,
    0.3202036967849731,
    0.3149155720615387,
    0.3168768508815765,
    0.3149712877368927,
    0.3161316159534454,
    0.3116943915462494,
    0.31129078804016114,
    0.3103724083614349,
    0.30438444999694825,
    0.30658661909103396,
    0.309139717540741,
    0.30671101828575137,
    0.30009924390792847,
    0.30106408535957335,
    0.3045692897701263,
    0.3001987465286255,
    0.30083573727607726,
    0.2975342511367798,
    0.2989880770111084,
    0.2964394180583954,
    0.2941037604522705,
    0.30227190516471864,
    0.29464935198783876,
    0.29124441240310667,
    0.2929740644168854,
    0.29239352142333985,
    0.29059954599380494,
    0.29396632459640504,
    0.2842578051042557,
    0.28892892705917356,
    0.289131984205246,
    0.2850560506153107
  ],
  "train_acc": [
    0.42826,
    0.57124,
    0.6393,
    0.67882,
    0.70578,
    0.72454,
    0.7457,
    0.7557,
    0.7658,
    0.77418,
    0.78148,
    0.78942,
    0.79516,
    0.80026,
    0.80698,
    0.80988,
    0.81394,
    0.82246,
    0.8213,
    0.82662,
    0.83136,
    0.83442,
    0.83898,
    0.83766,
    0.84286,
    0.84438,
    0.84628,
    0.84832,
    0.85,
    0.85318,
    0.85562,
    0.85468,
    0.8569,
    0.86092,
    0.86014,
    0.8623,
    0.86218,
    0.8657,
    0.86568,
    0.86752,
    0.8657,
    0.86634,
    0.87158,
    0.86914,
    0.87188,
    0.8735,
    0.8746,
    0.87408,
    0.87832,
    0.87752,
    0.87578,
    0.8774,
    0.8789,
    0.87944,
    0.8814,
    0.879,
    0.88234,
    0.88236,
    0.88268,
    0.88504,
    0.88222,
    0.8844,
    0.88448,
    0.88464,
    0.8851,
    0.88682,
    0.8852,
    0.88786,
    0.88824,
    0.88974,
    0.8894,
    0.88994,
    0.88946,
    0.88974,
    0.8903,
    0.89058,
    0.89234,
    0.89046,
    0.89028,
    0.88962,
    0.89366,
    0.8932,
    0.89146,
    0.89474,
    0.89538,
    0.89488,
    0.89524,
    0.89548,
    0.89672,
    0.89384,
    0.89562,
    0.89738,
    0.89658,
    0.89784,
    0.89884,
    0.89662,
    0.89982,
    0.897,
    0.89534,
    0.89896
  ],
  "val_loss": [
    1.2211518669128418,
    0.9995805541992188,
    0.8813081114768982,
    0.8142765606880188,
    0.7354064207077027,
    0.7066215383529663,
    0.670335945892334,
    0.6469483875274659,
    0.6633146976470947,
    0.6129651809692382,
    0.5929973194122314,
    0.5948883055686951,
    0.5994607142448425,
    0.5845964575767517,
    0.5413289731025696,
    0.55766034283638,
    0.5393064843177795,
    0.5527056668758392,
    0.5398103015422822,
    0.5271768675804138,
    0.5276211388111115,
    0.5212467057228088,
    0.5165253403186798,
    0.5217760497093201,
    0.5028386411190033,
    0.5122946269035339,
    0.5324375272750854,
    0.5017275620460511,
    0.5086218052864074,
    0.5050974928855896,
    0.49325515847206114,
    0.5261889971733094,
    0.49108360061645506,
    0.5182062401771546,
    0.5043069825649261,
    0.4978896096229553,
    0.492996821308136,
    0.4784534251689911,
    0.5278536539077758,
    0.5063375295639038,
    0.49156031556129454,
    0.49559185161590574,
    0.5078913812637329,
    0.48302505197525025,
    0.47864725298881533,
    0.4978428162574768,
    0.4847513216972351,
    0.48894496245384217,
    0.5019367856025696,
    0.5065233651161194,
    0.478900403881073,
    0.48833895959854123,
    0.5036846205711365,
    0.4881276322364807,
    0.5295814321041107,
    0.4783895538330078,
    0.4785670840263367,
    0.49268302822113036,
    0.49184746079444885,
    0.47589930477142334,
    0.49590004053115844,
    0.48394880018234254,
    0.496560765171051,
    0.4801705905914307,
    0.4768335722446442,
    0.4848443633079529,
    0.47407414245605467,
    0.47806240649223325,
    0.49490929498672487,
    0.4836235104560852,
    0.4567720615386963,
    0.4998854794502258,
    0.47288629817962646,
    0.46304756660461427,
    0.4980486100196838,
    0.4968000550270081,
    0.49000695338249206,
    0.4871509043216705,
    0.489058825969696,
    0.47339180488586424,
    0.49068910803794863,
    0.45674727449417113,
    0.47513057487010957,
    0.4596602722167969,
    0.4646591368198395,
    0.46630166330337525,
    0.47031266746520994,
    0.5010586268424988,
    0.4756261699676514,
    0.46197603464126585,
    0.462075422668457,
    0.4726817181587219,
    0.48575239753723143,
    0.4871071887016296,
    0.49893105993270875,
    0.4699062882423401,
    0.4820201380729675,
    0.4816473013877869,
    0.48852508320808413,
    0.4850748055934906
  ],
  "val_acc": [
    0.5598,
    0.6457,
    0.6885,
    0.7137,
    0.7429,
    0.7543,
    0.7639,
    0.7771,
    0.7696,
    0.7871,
    0.7965,
    0.7988,
    0.7961,
    0.8015,
    0.8131,
    0.8071,
    0.8165,
    0.8079,
    0.814,
    0.8172,
    0.82,
    0.8195,
    0.8259,
    0.8238,
    0.8314,
    0.8316,
    0.8234,
    0.8308,
    0.8288,
    0.8316,
    0.8368,
    0.8316,
    0.8408,
    0.833,
    0.834,
    0.8385,
    0.8397,
    0.842,
    0.8319,
    0.8368,
    0.8364,
    0.8393,
    0.8352,
    0.8428,
    0.842,
    0.8353,
    0.8424,
    0.8379,
    0.8367,
    0.8397,
    0.8445,
    0.8406,
    0.8378,
    0.8468,
    0.8312,
    0.844,
    0.8427,
    0.8435,
    0.8447,
    0.8472,
    0.8399,
    0.8466,
    0.8407,
    0.8476,
    0.8504,
    0.8484,
    0.8482,
    0.8477,
    0.8402,
    0.8477,
    0.8549,
    0.8462,
    0.8502,
    0.8532,
    0.8376,
    0.8434,
    0.8503,
    0.8474,
    0.845,
    0.8548,
    0.8485,
    0.8567,
    0.849,
    0.8543,
    0.8482,
    0.8534,
    0.8508,
    0.8497,
    0.8536,
    0.8544,
    0.8591,
    0.8535,
    0.8461,
    0.8495,
    0.8475,
    0.854,
    0.8548,
    0.852,
    0.8481,
    0.8507
  ],
  "best_val_acc": 0.8591,
  "best_epoch": 91,
  "training_time": 738.3239903450012,
  "config": {
    "num_channels": 32,
    "dropout_rate": 0.2,
    "optimizer": "adam",
    "learning_rate": 0.001,
    "momentum": 0.0,
    "weight_decay": 0.0001
  }
}