{
  "train_loss": [
    0.6417662639712159,
    0.32471451714073474,
    0.2749899728462477,
    0.2491559478804201,
    0.10178016576076132
  ],
  "val_loss": [
    0.6682167523210024,
    0.32243170239834884,
    0.31954781267977145,
    0.24089354059180795,
    0.08420157818871962
  ],
  "train_acc": [
    0.5928963827291498,
    0.7291031379968793,
    0.6643081471782066,
    0.6542409027764137,
    0.6190329628022008
  ],
  "val_acc": [
    0.572440405449051,
    0.6860711644656565,
    0.6234142937545867,
    0.6431945572994084,
    0.5760586559062675
  ]
}